INSERT INTO roles VALUES (1,'User'),(2,'Shop');
INSERT INTO categories VALUES (1,'Computers & Laptops'), (2,'Phones & Tablets'), (3,'Accessories'), (4,'Sports'), (5,'Electronics'),(6,'Furniture'), (7,'TV'), (8,'Fashions'), (9,'Beauty');
INSERT INTO users (id, username, password, name, gender, date_of_birth, email, address, city, phone_number) VALUES ('1', 'shop01', '$2a$10$cnutQvi2Iagp0Vq1ujoBI.kSrLkJryTPbB1CtHkf9BrAaI2NWXz2i', 'Michael Johnson', 'Male', '1937-04-13', 'riverarebecca@gmail.com', '98 Wadsworth Blvd, Suite 115 Lakewood CO 80226, USA', 'USA', '09128702069');
INSERT INTO users (id, username, password, name, gender, date_of_birth, email, address, city, phone_number) VALUES ('2', 'shop02', '$2a$10$cnutQvi2Iagp0Vq1ujoBI.kSrLkJryTPbB1CtHkf9BrAaI2NWXz2i', 'James Johnson', 'Female', '1943-06-07', 'megan33@gmail.com', '3415 East Saginaw Street, Suite E Lansing MI 48912,USA', 'USA', '09120202972');
INSERT INTO users (id, username, password, name, gender, date_of_birth, email, address, city, phone_number) VALUES ('3', 'shop03', '$2a$10$cnutQvi2Iagp0Vq1ujoBI.kSrLkJryTPbB1CtHkf9BrAaI2NWXz2i', 'William Smith', 'Male', '1935-10-06', 'denise22@hernandez-townsend.com', '2614 South Shackleford Road Little Rock AR 72205 USA', 'USA', '09126591978');
INSERT INTO users (id, username, password, name, gender, date_of_birth, email, address, city, phone_number) VALUES ('4', 'dontlookatme20', '$2a$10$cnutQvi2Iagp0Vq1ujoBI.kSrLkJryTPbB1CtHkf9BrAaI2NWXz2i', 'Robert Johnson', 'Male', '1993-01-27', 'wrightpeter@yahoo.com', '11740 Sudley Manor Drive Manassas VA 20109, USA', 'USA', '09126470042');
INSERT INTO users (id, username, password, name, gender, date_of_birth, email, address, city, phone_number) VALUES ('5', 'dogerlove', '$2a$10$cnutQvi2Iagp0Vq1ujoBI.kSrLkJryTPbB1CtHkf9BrAaI2NWXz2i', 'Mary Smith', 'Female', '2000-10-23', 'jstark@anderson.com', '4500 New Brunswick Ave Piscataway NJ 08854 USA', 'USA', '09122266351');
INSERT INTO users (id, username, password, name, gender, date_of_birth, email, address, city, phone_number) VALUES ('6', 'theblacktaco', '$2a$10$cnutQvi2Iagp0Vq1ujoBI.kSrLkJryTPbB1CtHkf9BrAaI2NWXz2i', 'James Brown', 'Male', '1966-10-02', 'william25@mcconnell.com', '5450 W Sahara Ave, #320 Las Vegas NV 89146-0383 USA', 'USA', '09129546487');
INSERT INTO users (id, username, password, name, gender, date_of_birth, email, address, city, phone_number) VALUES ('7', 'idkwhattodoy', '$2a$10$cnutQvi2Iagp0Vq1ujoBI.kSrLkJryTPbB1CtHkf9BrAaI2NWXz2i', 'David Johnson', 'Male', '1953-08-11', 'tinasmith@martinez.info', '4500 S. Garnett Rd. Suite 110 Tulsa OK 74146 USA', 'USA', '09125873016');
INSERT INTO users (id, username, password, name, gender, date_of_birth, email, address, city, phone_number) VALUES ('8', 'hahahahhahelpme', '$2a$10$cnutQvi2Iagp0Vq1ujoBI.kSrLkJryTPbB1CtHkf9BrAaI2NWXz2i', 'Maria Garcia', 'Female', '1957-07-02', 'monghang_doan@hotmail.com', '440 S 54th Avenue Phoenix AZ 85043-4729 USA', 'USA', '09123767683');
INSERT INTO users (id, username, password, name, gender, date_of_birth, email, address, city, phone_number) VALUES ('9', 'vicsloan', '$2a$10$cnutQvi2Iagp0Vq1ujoBI.kSrLkJryTPbB1CtHkf9BrAaI2NWXz2i', 'James Jones', 'Female', '1949-02-25', 'ngocyen.dao62@hotmail.com', '2363 Lakewood Rd Toms River NJ 08755 USA', 'USA', '09124903470');
INSERT INTO users (id, username, password, name, gender, date_of_birth, email, address, city, phone_number) VALUES ('10', 'BizzarGhostGaming', '$2a$10$cnutQvi2Iagp0Vq1ujoBI.kSrLkJryTPbB1CtHkf9BrAaI2NWXz2i', 'Maria Rodriguez', 'Female', '1959-07-09', 'agolden@yahoo.com', '200 Riverview Parkway Santee CA 92071 USA', 'USA', '09126863047');
INSERT INTO users (id, username, password, name, gender, date_of_birth, email, address, city, phone_number) VALUES ('11', 'user01', '$2a$10$cnutQvi2Iagp0Vq1ujoBI.kSrLkJryTPbB1CtHkf9BrAaI2NWXz2i', 'Trung', 'Male', '1999-03-06', 'trungnguyen.itmo@gmail.com', '200 Riverview Parkway Santee CA 92071 USA', 'USA', '(123) 704-5282');

INSERT INTO shops (id, user_id, shop_name, shop_img, shop_address, shop_phone) VALUES ('1', '1', 'BuyBusters', '/templates/public/img/shop/1.jpg', '98 Wadsworth Blvd, Suite 115 Lakewood CO 80226, USA', '09128702069');
INSERT INTO shops (id, user_id, shop_name, shop_img, shop_address, shop_phone) VALUES ('2', '2', 'Star Square', '/templates/public/img/shop/.2jpg', '3415 East Saginaw Street, Suite E Lansing MI 48912,USA', '09120202972');
INSERT INTO shops (id, user_id, shop_name, shop_img, shop_address, shop_phone) VALUES ('3', '3', 'SunSide', '/templates/public/img/shop/3.jpg', '2614 South Shackleford Road Little Rock AR 72205 USA', '09126591978');
INSERT INTO shops (id, user_id, shop_name, shop_img, shop_address, shop_phone) VALUES ('4', '4', 'Green Team', '/templates/public/img/shop/4.jpg', '11740 Sudley Manor Drive Manassas VA 20109, USA', '09126470042');
INSERT INTO shops (id, user_id, shop_name, shop_img, shop_address, shop_phone) VALUES ('5', '5', 'Code Creations', '/templates/public/img/shop/5.jpg', '4500 New Brunswick Ave Piscataway NJ 08854 USA', '09122266351');
INSERT INTO shops (id, user_id, shop_name, shop_img, shop_address, shop_phone) VALUES ('6', '6', 'Treasure Trove', '/templates/public/img/shop/6.jpg', '5450 W Sahara Ave, #320 Las Vegas NV 89146-0383 USA', '09129546487');
INSERT INTO shops (id, user_id, shop_name, shop_img, shop_address, shop_phone) VALUES ('7', '7', 'Pristine Purpose', '/templates/public/img/shop/7.jpg', '4500 S. Garnett Rd. Suite 110 Tulsa OK 74146 USA', '09125873016');
INSERT INTO shops (id, user_id, shop_name, shop_img, shop_address, shop_phone) VALUES ('8', '8', 'Ignition', '/templates/public/img/shop/8.jpg', '440 S 54th Avenue Phoenix AZ 85043-4729 USA', '09123767683');
INSERT INTO shops (id, user_id, shop_name, shop_img, shop_address, shop_phone) VALUES ('9', '9', 'Elegata', '/templates/public/img/shop/9.jpg', '2363 Lakewood Rd Toms River NJ 08755 USA', '09124903470');
INSERT INTO shops (id, user_id, shop_name, shop_img, shop_address, shop_phone) VALUES ('10', '10', 'Dionysus', '/templates/public/img/shop/10.jpg', '200 Riverview Parkway Santee CA 92071 USA', '09126863047');

INSERT INTO user_role (role_id, user_id) VALUES ('1', '1');
INSERT INTO user_role (role_id, user_id) VALUES ('2', '1');
INSERT INTO user_role (role_id, user_id) VALUES ('1', '2');
INSERT INTO user_role (role_id, user_id) VALUES ('2', '2');
INSERT INTO user_role (role_id, user_id) VALUES ('1', '3');
INSERT INTO user_role (role_id, user_id) VALUES ('2', '3');
INSERT INTO user_role (role_id, user_id) VALUES ('1', '4');
INSERT INTO user_role (role_id, user_id) VALUES ('2', '4');
INSERT INTO user_role (role_id, user_id) VALUES ('1', '5');
INSERT INTO user_role (role_id, user_id) VALUES ('2', '5');
INSERT INTO user_role (role_id, user_id) VALUES ('1', '6');
INSERT INTO user_role (role_id, user_id) VALUES ('2', '6');
INSERT INTO user_role (role_id, user_id) VALUES ('1', '7');
INSERT INTO user_role (role_id, user_id) VALUES ('2', '7');
INSERT INTO user_role (role_id, user_id) VALUES ('1', '8');
INSERT INTO user_role (role_id, user_id) VALUES ('2', '8');
INSERT INTO user_role (role_id, user_id) VALUES ('1', '9');
INSERT INTO user_role (role_id, user_id) VALUES ('2', '9');
INSERT INTO user_role (role_id, user_id) VALUES ('1', '10');
INSERT INTO user_role (role_id, user_id) VALUES ('2', '10');
INSERT INTO user_role (role_id, user_id) VALUES ('1', '11');

INSERT INTO products (id, name, shop_id, begin_price, discount_price, category_id, date, quantity, description) VALUES ('1', 'Apple 2020 MacBook Air Laptop M1 Chip, Backlit Keyboard', '1', '23200000', '18000000', '1', '2023-04-18', '10','"MacBook Air 13.3"" with Retina Display - 30W USB Type-C Power Adapter - USB Type-C Charge Cable (2m) - Apple 1 Year Limited Warranty with 90 Day Technical Support Apple M1 chip with 8-core CPU and 7-core GPU 16-core Neural Engine 8GB unified memory 512GB SSD storage');
INSERT INTO products (id, name, shop_id, begin_price, discount_price, category_id, date, quantity, description) VALUES ('2', 'Apple 2021 MacBook Pro - Space Gray - Z14X000HQ', '1', '19000000', '18000000', '1', '2023-04-19', '10','Apple M1 Max chip for a massive leap in CPU, GPU, and machine learning performance 10-core CPU delivers up to 2x faster performance to fly through pro workflows quicker than ever 32-core GPU with up to 4x faster performance for graphics-intensive apps and games 16-core Neural Engine for up to 5x faster machine learning performance Longer battery life, up to 21 hours 64GB of unified memory so everything you do is fast and fluid 2TB of superfast SSD storage launches apps and opens files in an instant ');
INSERT INTO products (id, name, shop_id, begin_price, discount_price, category_id, date, quantity, description) VALUES ('3', 'Apple 2022 MacBook Air Laptop with M2 chip 13.6-inch Liquid Retina Display', '1', '24000000', '17500000', '1', '2023-04-20', '10','STRIKINGLY THIN DESIGN — The redesigned MacBook Air is more portable than ever and weighs just 2.7 pounds. It’s the incredibly capable laptop that lets you work, play or create just about anything — anywhere. SUPERCHARGED BY M2 — Get more done faster with a next-generation 8-core CPU, up to 10-core GPU and up to 24GB of unified memory. UP TO 18 HOURS OF BATTERY LIFE — Go all day and into the night, thanks to the power-efficient performance of the Apple M2 chip. BIG, BEAUTIFUL DISPLAY — The 13.6-inch Liquid Retina display features over 500 nits of brightness, P3 wide color and support for 1 billion colors for vibrant images and incredible detail. ADVANCED CAMERA AND AUDIO — Look sharp and sound great with a 1080p FaceTime HD camera, three-mic array and four-speaker sound system with Spatial Audio. VERSATILE CONNECTIVITY — MacBook Air features a MagSafe charging port, two Thunderbolt ports and a headphone jack. EASY TO USE — Your Mac feels familiar from the moment you turn it on, and works seamlessly with all your Apple devices.');
INSERT INTO products (id, name, shop_id, begin_price, discount_price, category_id, date, quantity, description) VALUES ('4', 'Apple MacBook Pro 16 with Liquid Retina XDR Display', '1', '27000000', '16500000', '1', '2023-04-21', '10','Apple MacBook Pro 16"" with Liquid Retina XDR Display - 140W USB-C Power Adapter - USB-C to MagSafe 3 Cable (2m) - Apple 1 Year Limited Warranty Apple M1 Max chip for a massive leap in CPU, GPU, and machine learning performance 10-core CPU delivers up to 2x faster performance to fly through pro workflows quicker than ever 24-core GPU with up to 4x faster performance for graphics-intensive apps and games 16-core Neural Engine for up to 5x faster machine learning performance ');
INSERT INTO products (id, name, shop_id, begin_price, discount_price, category_id, date, quantity, description) VALUES ('5', 'ASUS ROG Strix G15 (2022) Gaming Laptop G513RC-IS74', '1', '22000000', '17500000', '1', '2023-04-22', '10','SUPERCHARGED RTX GRAPHICS - Gameplay graphics are silky smooth with the NVIDIA GeForce RTX 3050 4GB GDDR6 at 95W with ROG Boost, with cutting-edge AI features like NVIDIA DLSS and Ray-Tracing MUX SWITCH BOOST - A MUX Switch lets the GPU communicate directly with the display, increasing performance and decreasing latency ROG INTELLIGENT COOLING - a robust thermal system with Thermal Grizzly Liquid Metal Thermal Compound and self cleaning dual fans with anti-dust technology extend system longevity READY FOR ANYTHING - Use your gaming laptop to stream and multi-task with ease thanks to an AMD Ryzen 7 6800H CPU with 20MB Cache, up to 4.7 GHz, 8 cores/16 threads and 16GB of blisteringly fast 4800MHz DDR5 RAM on Windows 11 Home SWIFT VISUALS – Stay one step ahead of the competition thanks to its 300Hz/3ms 15.6” Full HD (1920 x 1080) IPS Type Display, which covers 100% sRGB color space AMPLE STORAGE FOR ALL YOUR GAMES - Store all your game library, and load them fast on your 1TB PCIe NVMe M.2 SSD to take advantage of the full RTX gaming experience AURA SYNC - 4-zone RGB Keyboard, RGB light bar, RGB Logo ');
INSERT INTO products (id, name, shop_id, begin_price, discount_price, category_id, date, quantity, description) VALUES ('6', 'ASUS ROG Strix G16 (2023) Gaming Laptop G614JI-AS94', '1', '27500000', '22000000', '1', '2023-04-23', '10','POWER UP YOUR PLAY - Draw more frames and win more games with Windows 11, a 13th Gen Intel Core i9-13980HX processor, and an NVIDIA GeForce RTX 4070 Laptop GPU at 140W Max TGP. BLAZING FAST MEMORY AND STORAGE – Multitask swiftly with 16GB of DDR5-4800MHz memory and speed up loading times with 1TB of PCIe 4x4. ROG INTELLIGENT COOLING – To put this amount of power in a gaming laptop, you need an even better cooling solution. The Strix features Thermal Grizzly’s Conductonaut Extreme liquid metal on the CPU, and a third intake fan among other premium features, to allow for better sustained performance over long gaming sessions. SWIFT VISUALS – The Strix G16 has a fast FHD 165Hz panel to make sure you never miss a moment. It also covers 100% of the sRGB color space and feature Dolby Vision, Adaptive-Sync support, and an 90% screen-to-body ratio for a stellar gaming and viewing experience. MUX SWITCH WITH ADVANCED OPTIMUS - A MUX Switch increases laptop gaming performance by 5-10% by routing frames directly from the dGPU to the display bypassing the iGPU. With Advanced Optimus the switch between iGPU and dGPU becomes automatic based on the task, optimizing battery life.');
INSERT INTO products (id, name, shop_id, begin_price, discount_price, category_id, date, quantity, description) VALUES ('7', 'ASUS TUF Dash 15 (2022) Gaming Laptop Off Black, FX517ZM-AS73', '1', '18900000', '18000000', '1', '2023-04-24', '10','SUPERCHARGED RTX GRAPHICS - Gameplay graphics are silky smooth with the NVIDIA GeForce RTX 3060 6GB GDDR6 at 1050W with Dynamic Boost, with cutting-edge AI features like NVIDIA DLSS and Ray-Tracing MUX SWITCH BOOST - A MUX Switch lets the GPU communicate directly with the display, increasing performance and decreasing latency READY FOR ANYTHING - Use your gaming laptop to stream and multi-task with ease thanks to an  Intel Core i7-12650H Processor with 24MB Cache, up to 4.7 GHz, 10 cores (6 P-cores and 4 E-cores) and 16GB of blisteringly fast 4800MHz DDR5 RAM on Windows 11 SWIFT VISUALS – Stay one step ahead of the competition thanks to its 144Hz 15.6” Full HD (1920 x 1080) IPS Type Display AMPLE STORAGE FOR ALL YOUR GAMES - Store all your game library, and load them fast on your 512GB PCIe NVMe M.2 SSD to take advantage of the full RTX gaming experience STAY COOL - Dual Self cleaning Arc Flow fans with anti-dust technology extend system longevity MILITARY GRADE TOUGHNESS - Durable MIL-STD-810H military standard lives in the TUF line as the devices are tested against drops, vibration, humidity and extreme temperatures to ensure reliability');
INSERT INTO products (id, name, shop_id, begin_price, discount_price, category_id, date, quantity, description) VALUES ('8', 'ASUS VivoBook 15X OLED Laptop M1503QA-ES74', '1', '19000000', '18000000', '1', '2023-04-25', '10','15.6” FHD (1920 x 1080) OLED 16:9 aspect ratio display with ultra-slim NanoEdge bezels 0.2ms response time, 600nits peak brightness, 100% DCI-P3 color gamut, 1,000,000:1 Contrast ratio, VESA CERTIFIED Display HDR True Black 600 Latest AMD Ryzen 7 5800H Mobile Processor (8-core/16-thread, 20MB cache, up to 4.4 GHz max boost) and AMD Radeon Graphics Fast storage and memory featuring 512GB M.2 NVMe PCIe 3.0 SSD and 8GB DDR4 on board + 8GB DDR4 SO-DIMM RAM, Windows 11 Home Extensive connectivity with 2x USB 3.2 Gen 1 Type-C, USB 2.0 Type A, 3.5mm Combo Audio Jack, Wi-Fi 6(802.11ax)+Bluetooth 5.0 (Dual band) 2*2 (*USB transfer speed may vary. Learn more at ASUS.com)');
INSERT INTO products (id, name, shop_id, begin_price, discount_price, category_id, date, quantity, description) VALUES ('9', 'ASUS Vivobook Laptop L210 11.6 Ultra Thin Laptop L210MA-DS04', '1', '20000000', '18000000', '1', '2023-04-26', '10','Powerful Productivity: Efficient Intel Celeron N4020 Processor 1.1 GHz (4M Cache, up to 2.8 GHz) and Intel UHD graphics delivers unmatched speed and intelligence, enabling impressive creating and productivity Visibly Stunning: Experience sharp details and crisp colors on the 11.6” HD (1366 x 768) Slim Display with 73% screen-to-body ratio, 16:9 aspect ratio Internal Specifications: 128GB eMMC Flash Storage and 4GB DDR4 RAM to store your files Secure Operating System: Windows 11 Home in S mode comes with advanced security features built right in, like protections against phishing and malicious software so you dont have to think twice when navigating to a new webpage or downloading an app Ports For All Your Accessories: USB 3.2 Gen 1 Type-C, USB 3.2 Gen 1 Type-A, HDMI (*USB Transfer speed may vary. Learn more at ASUS website) Slim and Portable: 0.7” thin and weighs only 2.31 lbs (battery included) Whats In the Box: ASUS Vivobook laptop, AC adapter, Power Cord, User manual, Warranty card');
INSERT INTO products (id, name, shop_id, begin_price, discount_price, category_id, date, quantity, description) VALUES ('10', 'Lenovo 14inch HD Laptop, Intel Pentium Silver ', '1', '19000000', '18000000', '1', '2023-04-27', '10','14inch HD LED Backlit Display with Anti-Glare Technology (1366 x 768), Integrated Intel UHD 605 Graphics Intel Pentium Silver Quad-Core N5030 Processor Up to 3.10 GHz, 128GB NVMe SSD, 4GB DDR4 Ram 1x HDMI, 2x USB Ports, 1x Media Card Reader, 1x Headphone/microphone Combo Jack Integrated Webcam and Dual Array Microphones, Dolby Audio, 802. 11AC Wi-Fi and Bluetooth 4.1 Combo Windows 10 OS in S Mode, A JJTK 16GB USB Drive Included');

INSERT INTO product_details (id, product_id, tag, context) VALUES ('1', '1', 'Brand', 'Apple');
INSERT INTO product_details (id, product_id, tag, context) VALUES ('2', '1', 'Series', 'MacBook Air');
INSERT INTO product_details (id, product_id, tag, context) VALUES ('3', '1', 'Color', 'Space Gray');
INSERT INTO product_details (id, product_id, tag, context) VALUES ('4', '1', 'Hard Disk Size', '512 GB');
INSERT INTO product_details (id, product_id, tag, context) VALUES ('5', '1', 'CPU Model', 'Apple M1');
INSERT INTO product_details (id, product_id, tag, context) VALUES ('6', '1', 'Ram Memory Installed Size', '8GB');
INSERT INTO product_details (id, product_id, tag, context) VALUES ('7', '1', 'Operating System', 'Mac OS');
INSERT INTO product_details (id, product_id, tag, context) VALUES ('8', '1', 'Card Description', 'Integrated');
INSERT INTO product_details (id, product_id, tag, context) VALUES ('9', '1', 'Graphics Coprocessor', 'M1');
INSERT INTO product_details (id, product_id, tag, context) VALUES ('10', '2', 'Brand', 'Apple');
INSERT INTO product_details (id, product_id, tag, context) VALUES ('11', '2', 'Series', 'MacBook Pro');
INSERT INTO product_details (id, product_id, tag, context) VALUES ('12', '2', 'Screen Size', '16.2 Inches');
INSERT INTO product_details (id, product_id, tag, context) VALUES ('13', '2', 'Hard Disk Size', '2 TB');
INSERT INTO product_details (id, product_id, tag, context) VALUES ('14', '2', 'CPU Model', 'ARM 7100');
INSERT INTO product_details (id, product_id, tag, context) VALUES ('15', '2', 'Ram Memory Installed Size', '64 GB');
INSERT INTO product_details (id, product_id, tag, context) VALUES ('16', '2', 'Operating System', 'Mac OS');
INSERT INTO product_details (id, product_id, tag, context) VALUES ('17', '2', 'Card Description', 'Integrated');
INSERT INTO product_details (id, product_id, tag, context) VALUES ('18', '2', 'Graphics Coprocessor', 'M1 Max');
INSERT INTO product_details (id, product_id, tag, context) VALUES ('19', '2', 'CPU Speed', '3.2 GHz');
INSERT INTO product_details (id, product_id, tag, context) VALUES ('20', '3', 'Brand', 'Apple');
INSERT INTO product_details (id, product_id, tag, context) VALUES ('21', '3', 'Series', 'MacBook AIr');
INSERT INTO product_details (id, product_id, tag, context) VALUES ('22', '3', 'Screen Size', '13.6 Inches');
INSERT INTO product_details (id, product_id, tag, context) VALUES ('23', '3', 'Hard Disk Size', '512 GB');
INSERT INTO product_details (id, product_id, tag, context) VALUES ('24', '3', 'CPU Model', 'Unknown');
INSERT INTO product_details (id, product_id, tag, context) VALUES ('25', '3', 'Ram Memory Installed Size', '8 GB');
INSERT INTO product_details (id, product_id, tag, context) VALUES ('26', '3', 'Operating System', 'Mac OS');
INSERT INTO product_details (id, product_id, tag, context) VALUES ('27', '3', 'Card Description', 'Integrated');
INSERT INTO product_details (id, product_id, tag, context) VALUES ('28', '3', 'Graphics Coprocessor', 'Apple M2');
INSERT INTO product_details (id, product_id, tag, context) VALUES ('29', '3', 'CPU Speed', '3.2 GHz');
INSERT INTO product_details (id, product_id, tag, context) VALUES ('30', '4', 'Brand', 'Apple');
INSERT INTO product_details (id, product_id, tag, context) VALUES ('31', '4', 'Series', 'MacBook Pro');
INSERT INTO product_details (id, product_id, tag, context) VALUES ('32', '4', 'Screen Size', '16 Inches');
INSERT INTO product_details (id, product_id, tag, context) VALUES ('33', '4', 'Hard Disk Size', '512 GB');
INSERT INTO product_details (id, product_id, tag, context) VALUES ('34', '4', 'CPU Model', 'Apple M1');
INSERT INTO product_details (id, product_id, tag, context) VALUES ('35', '4', 'Ram Memory Installed Size', '32 GB');
INSERT INTO product_details (id, product_id, tag, context) VALUES ('36', '4', 'Operating System', 'Mac OS');
INSERT INTO product_details (id, product_id, tag, context) VALUES ('37', '4', 'Card Description', 'Dedicated');
INSERT INTO product_details (id, product_id, tag, context) VALUES ('38', '4', 'Graphics Coprocessor', 'Apple M2');
INSERT INTO product_details (id, product_id, tag, context) VALUES ('39', '4', 'CPU Speed', '3.2 GHz');
INSERT INTO product_details (id, product_id, tag, context) VALUES ('40', '4', 'Chip Brad', 'Apple');
INSERT INTO product_details (id, product_id, tag, context) VALUES ('41', '4', 'CPU Manyfacturer', 'Apple');
INSERT INTO product_details (id, product_id, tag, context) VALUES ('42', '5', 'Brand', 'ASUS');
INSERT INTO product_details (id, product_id, tag, context) VALUES ('43', '5', 'Series', 'ROG Strix G15');
INSERT INTO product_details (id, product_id, tag, context) VALUES ('44', '5', 'Screen Size', '15.6 Inches');
INSERT INTO product_details (id, product_id, tag, context) VALUES ('45', '5', 'Hard Disk Size', '512 GB');
INSERT INTO product_details (id, product_id, tag, context) VALUES ('46', '5', 'Color', 'Gray');
INSERT INTO product_details (id, product_id, tag, context) VALUES ('47', '5', 'Hard Disk Size', '1 TB');
INSERT INTO product_details (id, product_id, tag, context) VALUES ('48', '5', 'CPU Model', 'Ryzen 7');
INSERT INTO product_details (id, product_id, tag, context) VALUES ('49', '5', 'Ram Memory Installed Size', '16 GB');
INSERT INTO product_details (id, product_id, tag, context) VALUES ('50', '5', 'Operating System', 'Windows 11 Home');
INSERT INTO product_details (id, product_id, tag, context) VALUES ('51', '5', 'Card Description', 'GeForce RTX 3050');
INSERT INTO product_details (id, product_id, tag, context) VALUES ('52', '5', 'Graphics Coprocessor', 'NVIDIA GeForce RTX 3050');
INSERT INTO product_details (id, product_id, tag, context) VALUES ('53', '6', 'Screen Size', '16 Inches');
INSERT INTO product_details (id, product_id, tag, context) VALUES ('54', '6', 'Color', 'Eclipse Gray');
INSERT INTO product_details (id, product_id, tag, context) VALUES ('55', '6', 'CPU Model', 'Intel Core i9');
INSERT INTO product_details (id, product_id, tag, context) VALUES ('56', '6', 'Ram Memory Installed Size', '16 GB');
INSERT INTO product_details (id, product_id, tag, context) VALUES ('57', '6', 'Operating System', 'Windows 11 Home');
INSERT INTO product_details (id, product_id, tag, context) VALUES ('58', '6', 'Card Description', 'Dedicated');
INSERT INTO product_details (id, product_id, tag, context) VALUES ('59', '6', 'Graphics Coprocessor', 'NVIDIA GeForce RTX 4070');
INSERT INTO product_details (id, product_id, tag, context) VALUES ('60', '6', 'CPU Speed', '5.6 GHz');
INSERT INTO product_details (id, product_id, tag, context) VALUES ('61', '7', 'Brand', 'ASUS');
INSERT INTO product_details (id, product_id, tag, context) VALUES ('62', '7', 'Series', 'TUF Dash 15 (2022)');
INSERT INTO product_details (id, product_id, tag, context) VALUES ('63', '7', 'Screen Size', '15.6 Inches');
INSERT INTO product_details (id, product_id, tag, context) VALUES ('64', '7', 'Color', 'Off Black');
INSERT INTO product_details (id, product_id, tag, context) VALUES ('65', '7', 'Hard Disk Size', '512 GB');
INSERT INTO product_details (id, product_id, tag, context) VALUES ('66', '7', 'CPU Model', 'Core i7');
INSERT INTO product_details (id, product_id, tag, context) VALUES ('67', '7', 'Ram Memory Installed Size', '16 GB');
INSERT INTO product_details (id, product_id, tag, context) VALUES ('68', '7', 'Operating System', 'Windows 11 Home');
INSERT INTO product_details (id, product_id, tag, context) VALUES ('69', '7', 'Card Description', 'RTX 3060');
INSERT INTO product_details (id, product_id, tag, context) VALUES ('70', '7', 'Graphics Coprocessor', 'NVIDIA GeForce RTX 3060');
INSERT INTO product_details (id, product_id, tag, context) VALUES ('71', '8', 'Brand', 'ASUS');
INSERT INTO product_details (id, product_id, tag, context) VALUES ('72', '8', 'Series', 'M1503QA-ES74');
INSERT INTO product_details (id, product_id, tag, context) VALUES ('73', '8', 'Screen Size', '15.6');
INSERT INTO product_details (id, product_id, tag, context) VALUES ('74', '8', 'Color', 'Quiet Blue');
INSERT INTO product_details (id, product_id, tag, context) VALUES ('75', '8', 'Hard Disk Size', '512 GB');
INSERT INTO product_details (id, product_id, tag, context) VALUES ('76', '8', 'CPU Model', 'Ryzen 7');
INSERT INTO product_details (id, product_id, tag, context) VALUES ('77', '8', 'Ram Memory Installed Size', '16 GB');
INSERT INTO product_details (id, product_id, tag, context) VALUES ('78', '8', 'Operating System', 'Windows 11 Home');
INSERT INTO product_details (id, product_id, tag, context) VALUES ('79', '8', 'Card Description', 'Integrated');
INSERT INTO product_details (id, product_id, tag, context) VALUES ('80', '8', 'Graphics Coprocessor', 'AMD Radeon GPU');
INSERT INTO product_details (id, product_id, tag, context) VALUES ('81', '9', 'Brand', 'ASUS');
INSERT INTO product_details (id, product_id, tag, context) VALUES ('82', '9', 'Series', 'ASUS Vivobook Go 12');
INSERT INTO product_details (id, product_id, tag, context) VALUES ('83', '9', 'Screen Size', '11.6');
INSERT INTO product_details (id, product_id, tag, context) VALUES ('84', '9', 'Color', 'Star Black');
INSERT INTO product_details (id, product_id, tag, context) VALUES ('85', '9', 'Hard Disk Size', '128 GB');
INSERT INTO product_details (id, product_id, tag, context) VALUES ('86', '9', 'CPU Model', 'Celeron');
INSERT INTO product_details (id, product_id, tag, context) VALUES ('87', '9', 'Ram Memory Installed Size', '4 GB');
INSERT INTO product_details (id, product_id, tag, context) VALUES ('88', '9', 'Operating System', 'Windows 11 S');
INSERT INTO product_details (id, product_id, tag, context) VALUES ('89', '9', 'Card Description', 'Integrated');
INSERT INTO product_details (id, product_id, tag, context) VALUES ('90', '9', 'CPU Speed', '2.8 GHz');
INSERT INTO product_details (id, product_id, tag, context) VALUES ('91', '10', 'Brand', 'Lenovo');
INSERT INTO product_details (id, product_id, tag, context) VALUES ('92', '10', 'Model Name', 'Lenovo 14inch Laptop');
INSERT INTO product_details (id, product_id, tag, context) VALUES ('93', '10', 'Screen Size', '14 Inches');
INSERT INTO product_details (id, product_id, tag, context) VALUES ('94', '10', 'Hard Disk Size', '128 GB');
INSERT INTO product_details (id, product_id, tag, context) VALUES ('95', '10', 'CPU Model', 'Mobile Intel Pentium 4 Processor');
INSERT INTO product_details (id, product_id, tag, context) VALUES ('96', '10', 'Ram Memory Installed Size', '4 GB');
INSERT INTO product_details (id, product_id, tag, context) VALUES ('97', '10', 'Operating System', 'Windows 10');
INSERT INTO product_details (id, product_id, tag, context) VALUES ('98', '10', 'Graphics Card Description', 'Intel UHD Graphics');
INSERT INTO product_details (id, product_id, tag, context) VALUES ('99', '10', 'Graphics Coprocessor', 'Intel UHD Graphics 605');
INSERT INTO product_details (id, product_id, tag, context) VALUES ('100', '10', 'CPU Speed', '1.1 GHz');

INSERT INTO image_products (id, product_id, name, type, context) VALUES ('1', '1', '1', '.jpg', '/templates/public/img/total_category');
INSERT INTO image_products (id, product_id, name, type, context) VALUES ('2', '1', '2', '.jpg', '/templates/public/img/total_category');
INSERT INTO image_products (id, product_id, name, type, context) VALUES ('3', '1', '3', '.jpg', '/templates/public/img/total_category');
INSERT INTO image_products (id, product_id, name, type, context) VALUES ('4', '1', '4', '.jpg', '/templates/public/img/total_category');
INSERT INTO image_products (id, product_id, name, type, context) VALUES ('5', '2', '1', '.jpg', '/templates/public/img/total_category');
INSERT INTO image_products (id, product_id, name, type, context) VALUES ('6', '2', '2', '.jpg', '/templates/public/img/total_category');
INSERT INTO image_products (id, product_id, name, type, context) VALUES ('7', '2', '3', '.jpg', '/templates/public/img/total_category');
INSERT INTO image_products (id, product_id, name, type, context) VALUES ('8', '2', '4', '.jpg', '/templates/public/img/total_category');
INSERT INTO image_products (id, product_id, name, type, context) VALUES ('9', '3', '1', '.jpg', '/templates/public/img/total_category');
INSERT INTO image_products (id, product_id, name, type, context) VALUES ('10', '3', '2', '.jpg', '/templates/public/img/total_category');
INSERT INTO image_products (id, product_id, name, type, context) VALUES ('11', '3', '3', '.jpg', '/templates/public/img/total_category');
INSERT INTO image_products (id, product_id, name, type, context) VALUES ('12', '3', '4', '.jpg', '/templates/public/img/total_category');
INSERT INTO image_products (id, product_id, name, type, context) VALUES ('13', '4', '1', '.jpg', '/templates/public/img/total_category');
INSERT INTO image_products (id, product_id, name, type, context) VALUES ('14', '4', '2', '.jpg', '/templates/public/img/total_category');
INSERT INTO image_products (id, product_id, name, type, context) VALUES ('15', '4', '3', '.jpg', '/templates/public/img/total_category');
INSERT INTO image_products (id, product_id, name, type, context) VALUES ('16', '4', '4', '.jpg', '/templates/public/img/total_category');
INSERT INTO image_products (id, product_id, name, type, context) VALUES ('17', '5', '1', '.jpg', '/templates/public/img/total_category');
INSERT INTO image_products (id, product_id, name, type, context) VALUES ('18', '5', '2', '.jpg', '/templates/public/img/total_category');
INSERT INTO image_products (id, product_id, name, type, context) VALUES ('19', '5', '3', '.jpg', '/templates/public/img/total_category');
INSERT INTO image_products (id, product_id, name, type, context) VALUES ('20', '5', '4', '.jpg', '/templates/public/img/total_category');
INSERT INTO image_products (id, product_id, name, type, context) VALUES ('21', '6', '1', '.jpg', '/templates/public/img/total_category');
INSERT INTO image_products (id, product_id, name, type, context) VALUES ('22', '6', '2', '.jpg', '/templates/public/img/total_category');
INSERT INTO image_products (id, product_id, name, type, context) VALUES ('23', '6', '3', '.jpg', '/templates/public/img/total_category');
INSERT INTO image_products (id, product_id, name, type, context) VALUES ('24', '6', '4', '.jpg', '/templates/public/img/total_category');
INSERT INTO image_products (id, product_id, name, type, context) VALUES ('25', '7', '1', '.jpg', '/templates/public/img/total_category');
INSERT INTO image_products (id, product_id, name, type, context) VALUES ('26', '7', '2', '.jpg', '/templates/public/img/total_category');
INSERT INTO image_products (id, product_id, name, type, context) VALUES ('27', '7', '3', '.jpg', '/templates/public/img/total_category');
INSERT INTO image_products (id, product_id, name, type, context) VALUES ('28', '7', '4', '.jpg', '/templates/public/img/total_category');
INSERT INTO image_products (id, product_id, name, type, context) VALUES ('29', '8', '1', '.jpg', '/templates/public/img/total_category');
INSERT INTO image_products (id, product_id, name, type, context) VALUES ('30', '8', '2', '.jpg', '/templates/public/img/total_category');
INSERT INTO image_products (id, product_id, name, type, context) VALUES ('31', '8', '3', '.jpg', '/templates/public/img/total_category');
INSERT INTO image_products (id, product_id, name, type, context) VALUES ('32', '8', '4', '.jpg', '/templates/public/img/total_category');
INSERT INTO image_products (id, product_id, name, type, context) VALUES ('33', '9', '1', '.jpg', '/templates/public/img/total_category');
INSERT INTO image_products (id, product_id, name, type, context) VALUES ('34', '9', '2', '.jpg', '/templates/public/img/total_category');
INSERT INTO image_products (id, product_id, name, type, context) VALUES ('35', '9', '3', '.jpg', '/templates/public/img/total_category');
INSERT INTO image_products (id, product_id, name, type, context) VALUES ('36', '9', '4', '.jpg', '/templates/public/img/total_category');
INSERT INTO image_products (id, product_id, name, type, context) VALUES ('37', '10', '1', '.jpg', '/templates/public/img/total_category');
INSERT INTO image_products (id, product_id, name, type, context) VALUES ('38', '10', '2', '.jpg', '/templates/public/img/total_category');
INSERT INTO image_products (id, product_id, name, type, context) VALUES ('39', '10', '3', '.jpg', '/templates/public/img/total_category');
INSERT INTO image_products (id, product_id, name, type, context) VALUES ('40', '10', '4', '.jpg', '/templates/public/img/total_category');
INSERT INTO image_products (id, product_id, name, type, context) VALUES ('41', '11', '1', '.jpg', '/templates/public/img/total_category');
INSERT INTO image_products (id, product_id, name, type, context) VALUES ('42', '11', '2', '.jpg', '/templates/public/img/total_category');
INSERT INTO image_products (id, product_id, name, type, context) VALUES ('43', '11', '3', '.jpg', '/templates/public/img/total_category');
INSERT INTO image_products (id, product_id, name, type, context) VALUES ('44', '12', '4', '.jpg', '/templates/public/img/total_category');
INSERT INTO image_products (id, product_id, name, type, context) VALUES ('45', '12', '1', '.jpg', '/templates/public/img/total_category');
INSERT INTO image_products (id, product_id, name, type, context) VALUES ('46', '12', '2', '.jpg', '/templates/public/img/total_category');
INSERT INTO image_products (id, product_id, name, type, context) VALUES ('47', '13', '3', '.jpg', '/templates/public/img/total_category');
INSERT INTO image_products (id, product_id, name, type, context) VALUES ('48', '13', '4', '.jpg', '/templates/public/img/total_category');
INSERT INTO image_products (id, product_id, name, type, context) VALUES ('49', '13', '1', '.jpg', '/templates/public/img/total_category');
INSERT INTO image_products (id, product_id, name, type, context) VALUES ('50', '14', '2', '.jpg', '/templates/public/img/total_category');
INSERT INTO image_products (id, product_id, name, type, context) VALUES ('51', '14', '3', '.jpg', '/templates/public/img/total_category');
INSERT INTO image_products (id, product_id, name, type, context) VALUES ('52', '14', '4', '.jpg', '/templates/public/img/total_category');
INSERT INTO image_products (id, product_id, name, type, context) VALUES ('53', '15', '1', '.jpg', '/templates/public/img/total_category');
INSERT INTO image_products (id, product_id, name, type, context) VALUES ('54', '15', '2', '.jpg', '/templates/public/img/total_category');
INSERT INTO image_products (id, product_id, name, type, context) VALUES ('55', '15', '3', '.jpg', '/templates/public/img/total_category');
INSERT INTO image_products (id, product_id, name, type, context) VALUES ('56', '15', '4', '.jpg', '/templates/public/img/total_category');
INSERT INTO image_products (id, product_id, name, type, context) VALUES ('57', '16', '1', '.jpg', '/templates/public/img/total_category');
INSERT INTO image_products (id, product_id, name, type, context) VALUES ('58', '16', '2', '.jpg', '/templates/public/img/total_category');
INSERT INTO image_products (id, product_id, name, type, context) VALUES ('59', '16', '3', '.jpg', '/templates/public/img/total_category');
INSERT INTO image_products (id, product_id, name, type, context) VALUES ('60', '16', '4', '.jpg', '/templates/public/img/total_category');
INSERT INTO image_products (id, product_id, name, type, context) VALUES ('61', '17', '1', '.jpg', '/templates/public/img/total_category');
INSERT INTO image_products (id, product_id, name, type, context) VALUES ('62', '17', '2', '.jpg', '/templates/public/img/total_category');
INSERT INTO image_products (id, product_id, name, type, context) VALUES ('63', '17', '3', '.jpg', '/templates/public/img/total_category');
INSERT INTO image_products (id, product_id, name, type, context) VALUES ('64', '17', '4', '.jpg', '/templates/public/img/total_category');
INSERT INTO image_products (id, product_id, name, type, context) VALUES ('65', '18', '1', '.jpg', '/templates/public/img/total_category');
INSERT INTO image_products (id, product_id, name, type, context) VALUES ('66', '18', '2', '.jpg', '/templates/public/img/total_category');
INSERT INTO image_products (id, product_id, name, type, context) VALUES ('67', '18', '3', '.jpg', '/templates/public/img/total_category');
INSERT INTO image_products (id, product_id, name, type, context) VALUES ('68', '18', '4', '.jpg', '/templates/public/img/total_category');
INSERT INTO image_products (id, product_id, name, type, context) VALUES ('69', '19', '1', '.jpg', '/templates/public/img/total_category');
INSERT INTO image_products (id, product_id, name, type, context) VALUES ('70', '19', '2', '.jpg', '/templates/public/img/total_category');
INSERT INTO image_products (id, product_id, name, type, context) VALUES ('71', '19', '3', '.jpg', '/templates/public/img/total_category');
INSERT INTO image_products (id, product_id, name, type, context) VALUES ('72', '19', '4', '.jpg', '/templates/public/img/total_category');
INSERT INTO image_products (id, product_id, name, type, context) VALUES ('73', '20', '1', '.jpg', '/templates/public/img/total_category');
INSERT INTO image_products (id, product_id, name, type, context) VALUES ('74', '20', '2', '.jpg', '/templates/public/img/total_category');
INSERT INTO image_products (id, product_id, name, type, context) VALUES ('75', '20', '3', '.jpg', '/templates/public/img/total_category');
INSERT INTO image_products (id, product_id, name, type, context) VALUES ('76', '20', '4', '.jpg', '/templates/public/img/total_category');
INSERT INTO image_products (id, product_id, name, type, context) VALUES ('77', '21', '1', '.jpg', '/templates/public/img/total_category');
INSERT INTO image_products (id, product_id, name, type, context) VALUES ('78', '21', '2', '.jpg', '/templates/public/img/total_category');
INSERT INTO image_products (id, product_id, name, type, context) VALUES ('79', '21', '3', '.jpg', '/templates/public/img/total_category');
INSERT INTO image_products (id, product_id, name, type, context) VALUES ('80', '21', '4', '.jpg', '/templates/public/img/total_category');
INSERT INTO image_products (id, product_id, name, type, context) VALUES ('81', '22', '1', '.jpg', '/templates/public/img/total_category');
INSERT INTO image_products (id, product_id, name, type, context) VALUES ('82', '22', '2', '.jpg', '/templates/public/img/total_category');
INSERT INTO image_products (id, product_id, name, type, context) VALUES ('83', '22', '3', '.jpg', '/templates/public/img/total_category');
INSERT INTO image_products (id, product_id, name, type, context) VALUES ('84', '22', '4', '.jpg', '/templates/public/img/total_category');
INSERT INTO image_products (id, product_id, name, type, context) VALUES ('85', '23', '1', '.jpg', '/templates/public/img/total_category');
INSERT INTO image_products (id, product_id, name, type, context) VALUES ('86', '23', '2', '.jpg', '/templates/public/img/total_category');
INSERT INTO image_products (id, product_id, name, type, context) VALUES ('87', '23', '3', '.jpg', '/templates/public/img/total_category');
INSERT INTO image_products (id, product_id, name, type, context) VALUES ('88', '23', '4', '.jpg', '/templates/public/img/total_category');
INSERT INTO image_products (id, product_id, name, type, context) VALUES ('89', '24', '1', '.jpg', '/templates/public/img/total_category');
INSERT INTO image_products (id, product_id, name, type, context) VALUES ('90', '24', '2', '.jpg', '/templates/public/img/total_category');
INSERT INTO image_products (id, product_id, name, type, context) VALUES ('91', '24', '3', '.jpg', '/templates/public/img/total_category');
INSERT INTO image_products (id, product_id, name, type, context) VALUES ('92', '24', '4', '.jpg', '/templates/public/img/total_category');
INSERT INTO image_products (id, product_id, name, type, context) VALUES ('93', '25', '1', '.jpg', '/templates/public/img/total_category');
INSERT INTO image_products (id, product_id, name, type, context) VALUES ('94', '25', '2', '.jpg', '/templates/public/img/total_category');
INSERT INTO image_products (id, product_id, name, type, context) VALUES ('95', '25', '3', '.jpg', '/templates/public/img/total_category');
INSERT INTO image_products (id, product_id, name, type, context) VALUES ('96', '25', '4', '.jpg', '/templates/public/img/total_category');
INSERT INTO image_products (id, product_id, name, type, context) VALUES ('97', '26', '1', '.jpg', '/templates/public/img/total_category');
INSERT INTO image_products (id, product_id, name, type, context) VALUES ('98', '26', '2', '.jpg', '/templates/public/img/total_category');
INSERT INTO image_products (id, product_id, name, type, context) VALUES ('99', '26', '3', '.jpg', '/templates/public/img/total_category');
INSERT INTO image_products (id, product_id, name, type, context) VALUES ('100', '26', '4', '.jpg', '/templates/public/img/total_category');
INSERT INTO image_products (id, product_id, name, type, context) VALUES ('101', '27', '1', '.jpg', '/templates/public/img/total_category');
INSERT INTO image_products (id, product_id, name, type, context) VALUES ('102', '27', '2', '.jpg', '/templates/public/img/total_category');
INSERT INTO image_products (id, product_id, name, type, context) VALUES ('103', '27', '3', '.jpg', '/templates/public/img/total_category');
INSERT INTO image_products (id, product_id, name, type, context) VALUES ('104', '27', '4', '.jpg', '/templates/public/img/total_category');
INSERT INTO image_products (id, product_id, name, type, context) VALUES ('105', '28', '1', '.jpg', '/templates/public/img/total_category');
INSERT INTO image_products (id, product_id, name, type, context) VALUES ('106', '28', '2', '.jpg', '/templates/public/img/total_category');
INSERT INTO image_products (id, product_id, name, type, context) VALUES ('107', '28', '3', '.jpg', '/templates/public/img/total_category');
INSERT INTO image_products (id, product_id, name, type, context) VALUES ('108', '28', '4', '.jpg', '/templates/public/img/total_category');


